INSERT INTO sensorcomm.Role (name, isSensor, isObserver, authName, authPassword)
VALUES
    ('TEMPERATURE_SYSTEM_SENSOR', 1, 0, 'tempsys', 'abcd1234'),
    ('HUMIDITY_SYSTEM_SENSOR', 1, 0, 'humisys', 'abcd1234'),
    ('SIDE_TEMPERATURE_SENSOR', 1, 0, 'sidetemp', 'abcd1234'),
    ('SIDE_HUMIDITY_SENSOR', 1, 0, 'sidehumi', 'abcd1234'),
    ('CONTAINER_STATUS_SENSOR', 1, 0, 'contstat', 'abcd1234'),
    ('TOP_LEVEL_MANAGER', 0, 1, 'toplevelman', 'abcd1234'),
    ('TOP_LEVEL_OBSERVER', 0, 1, 'toplevelobs', 'abcd1234'),
    ('WAREHOUSE_SCOPE_OBSERVER', 0, 1, 'whscopeobs', 'abcd1234'),
    ('CONTAINER_SCOPE_OBSERVER', 0, 1, 'cnscopeobs', 'abcd1234');

INSERT INTO sensorcomm.TopicGroup (name, topicPattern, recordMaxLength, recordPolicy)
VALUES
    ('TEMPERATURE_SYSTEM_REPORT', '?warehouse_code/temperature_system/report', 5, 'RECENT_CONTENTS'),
    ('TEMPERATURE_SYSTEM_CONTROL', '?warehouse_code/temperature_system/control', 1, 'RECENT_CONTENTS'),
    ('HUMIDITY_SYSTEM_REPORT', '?warehouse_code/humidity_system/report', 5, 'RECENT_CONTENTS'),
    ('HUMIDITY_SYSTEM_CONTROL', '?warehouse_code/humidity_system/control', 1, 'RECENT_CONTENTS'),
    ('SIDE_TEMPERATURE_REPORT', '?warehouse_code/side_temperature/report/?sensor_ordinal', 5, 'RECENT_CONTENTS'),
    ('SIDE_HUMIDITY_REPORT', '?warehouse_code/side_humidity/report/?sensor_ordinal', 5, 'RECENT_CONTENTS'),
    ('CONTAINER_STATUS_REPORT', '?warehouse_code/?container_ordinal/status/report', 5, 'RECENT_CONTENTS'),
    ('SENSOR_CONNECTED_REPORT', '?warehouse_code/?container_ordinal/sensor_connected/report', 1200200, 'DISTINCT_RECENT_CONTENTS'),
    ('SENSOR_DISCONNECTED_REPORT', '?warehouse_code/?container_ordinal/sensor_disconnected/report', 1200200, 'DISTINCT_RECENT_CONTENTS');


INSERT INTO sensorcomm.Permission (topicName, roleName, activity)
VALUES
    ('TEMPERATURE_SYSTEM_REPORT', 'TEMPERATURE_SYSTEM_SENSOR', 'PUBLISH'),
    ('TEMPERATURE_SYSTEM_REPORT', 'TOP_LEVEL_MANAGER', 'SUBSCRIBE'),
    ('TEMPERATURE_SYSTEM_REPORT', 'TOP_LEVEL_OBSERVER', 'SUBSCRIBE'),
    ('TEMPERATURE_SYSTEM_REPORT', 'WAREHOUSE_SCOPE_OBSERVER', 'SUBSCRIBE'),
    ('TEMPERATURE_SYSTEM_CONTROL', 'TOP_LEVEL_MANAGER', 'PUBLISH'),
    ('TEMPERATURE_SYSTEM_CONTROL', 'TEMPERATURE_SYSTEM_SENSOR', 'SUBSCRIBE'),
    ('HUMIDITY_SYSTEM_REPORT', 'HUMIDITY_SYSTEM_SENSOR', 'PUBLISH'),
    ('HUMIDITY_SYSTEM_REPORT', 'TOP_LEVEL_MANAGER', 'SUBSCRIBE'),
    ('HUMIDITY_SYSTEM_REPORT', 'TOP_LEVEL_OBSERVER', 'SUBSCRIBE'),
    ('HUMIDITY_SYSTEM_REPORT', 'WAREHOUSE_SCOPE_OBSERVER', 'SUBSCRIBE'),
    ('HUMIDITY_SYSTEM_CONTROL', 'TOP_LEVEL_MANAGER', 'PUBLISH'),
    ('HUMIDITY_SYSTEM_CONTROL', 'HUMIDITY_SYSTEM_SENSOR', 'SUBSCRIBE'),
    ('SIDE_TEMPERATURE_REPORT', 'SIDE_TEMPERATURE_SENSOR', 'PUBLISH'),
    ('SIDE_TEMPERATURE_REPORT', 'TOP_LEVEL_MANAGER', 'SUBSCRIBE'),
    ('SIDE_TEMPERATURE_REPORT', 'TOP_LEVEL_OBSERVER', 'SUBSCRIBE'),
    ('SIDE_TEMPERATURE_REPORT', 'WAREHOUSE_SCOPE_OBSERVER', 'SUBSCRIBE'),
    ('SIDE_HUMIDITY_REPORT', 'SIDE_HUMIDITY_SENSOR', 'PUBLISH'),
    ('SIDE_HUMIDITY_REPORT', 'TOP_LEVEL_MANAGER', 'SUBSCRIBE'),
    ('SIDE_HUMIDITY_REPORT', 'TOP_LEVEL_OBSERVER', 'SUBSCRIBE'),
    ('SIDE_HUMIDITY_REPORT', 'WAREHOUSE_SCOPE_OBSERVER', 'SUBSCRIBE'),
    ('CONTAINER_STATUS_REPORT', 'CONTAINER_STATUS_SENSOR', 'PUBLISH'),
    ('CONTAINER_STATUS_REPORT', 'TOP_LEVEL_MANAGER', 'SUBSCRIBE'),
    ('CONTAINER_STATUS_REPORT', 'TOP_LEVEL_OBSERVER', 'SUBSCRIBE'),
    ('CONTAINER_STATUS_REPORT', 'WAREHOUSE_SCOPE_OBSERVER', 'SUBSCRIBE'),
    ('CONTAINER_STATUS_REPORT', 'CONTAINER_SCOPE_OBSERVER', 'SUBSCRIBE'),
    ('SENSOR_CONNECTED_REPORT', NULL, 'PUBLISH'),
    ('SENSOR_CONNECTED_REPORT', 'TOP_LEVEL_MANAGER', 'SUBSCRIBE'),
    ('SENSOR_CONNECTED_REPORT', 'TOP_LEVEL_OBSERVER', 'SUBSCRIBE'),
    ('SENSOR_CONNECTED_REPORT', 'WAREHOUSE_SCOPE_OBSERVER', 'SUBSCRIBE'),
    ('SENSOR_CONNECTED_REPORT', 'CONTAINER_SCOPE_OBSERVER', 'SUBSCRIBE'),
    ('SENSOR_DISCONNECTED_REPORT', NULL, 'PUBLISH'),
    ('SENSOR_DISCONNECTED_REPORT', 'TOP_LEVEL_MANAGER', 'SUBSCRIBE'),
    ('SENSOR_DISCONNECTED_REPORT', 'TOP_LEVEL_OBSERVER', 'SUBSCRIBE'),
    ('SENSOR_DISCONNECTED_REPORT', 'WAREHOUSE_SCOPE_OBSERVER', 'SUBSCRIBE'),
    ('SENSOR_DISCONNECTED_REPORT', 'CONTAINER_SCOPE_OBSERVER', 'SUBSCRIBE');
